user_id	movie_id	rating	timestamp
103	15	3.855810530026359	1448007180
180	98	4.290139177536787	1228423289
93	44	4.215834030210081	1322382694
15	49	3.2100038696315565	1030147291
107	75	3.0806795692430047	1351405161
72	61	1.5715038453576469	1434269558
189	67	4.101384601612542	1019138117
21	6	2.0856375217868575	1267102905
103	9	2.986781691271786	1095464546
122	6	2.137096371710067	1225342033
75	73	1.5353134519987726	1350387786
88	95	3.5182307875669463	1086838133
117	32	1.2173281392916153	1271727443
100	41	3.9945809365048	1047538500
104	76	2.2703471810444666	1460526546
152	8	1.0005387720179413	1099989205
131	72	3.044516556948919	1130246458
150	50	1.1874076341104125	1029268923
53	92	2.104678231283598	1082298322
2	62	3.8279059498228647	1100533117
88	84	1.2507584864874635	1316245358
158	62	4.357353969424009	1199773501
38	7	1.0152796906343324	1143397007
130	75	1.987295476807609	1266621311
192	84	3.9636162246082858	1147114199
188	80	2.265080598917227	1323030376
21	4	1.4075695522640541	1193522702
161	6	2.4409356752017115	1005492952
58	58	2.081573145538102	1316671467
22	22	4.37084760864222	1094469046
89	26	2.2533916703405725	1065256994
49	3	4.1557298871040285	1412850358
59	41	4.567488579242939	1078002445
170	60	2.735269678306118	1248306608
188	14	4.6397725754175685	1140514770
15	75	2.5092722158527714	1349145957
190	82	4.856313665960433	1071161443
190	12	1.3571580981022917	1007200262
175	87	3.748077066012971	1109821469
190	12	2.9752561618277147	1383285714
51	13	2.5505952218225882	1163080496
108	25	3.5308475149944036	1268140504
55	45	3.8154283665373248	1121324687
64	19	1.0174530786012363	1477487214
131	55	1.6678123549887949	1074798069
51	45	3.852184202537275	1468209895
135	8	3.665541654312826	1267966130
21	93	4.864190020514709	1353930961
73	53	4.044151161003132	1287516379
167	55	4.803090830925353	1429358671
18	32	3.810162006139228	1252657139
132	51	2.1922088345577726	1475224658
89	44	1.421459689003426	1002098729
60	82	4.127295453379743	1197240080
14	70	3.5765968859036636	1225341118
9	18	1.192744049573185	1219924652
90	83	2.4402018636039133	1466854860
53	22	4.827199261937144	1460553370
130	37	3.001604582840805	1150683145
84	96	2.7309165440788186	1062925345
92	56	2.830798420637176	1101784099
111	59	1.835530896020655	1093179800
188	3	2.474828683459181	1158134789
199	28	2.4792530239487065	1280559511
172	74	1.2094200807498896	1418792337
8	35	4.070270514071673	1300751062
175	61	2.666017727615516	1443795589
35	93	4.288719547265693	1247134492
81	54	4.401392004479582	1335694973
164	63	1.8479762187946323	1350541720
50	79	3.6294139286805143	1230950326
104	97	2.889127216651927	1002488144
132	7	4.520626951685941	1190511789
2	76	1.8629627167058165	1089013399
134	49	3.711252801240177	1456468810
54	94	3.4310084890108903	1045399577
106	85	2.181205910287331	1240720765
4	31	1.5464036146046904	1266563041
54	58	3.6065590419091063	1273523995
191	61	3.9543898325293227	1225039234
146	24	2.2625093750534	1223884362
44	20	3.579330416089255	1478536869
162	37	2.580523630446013	1022074556
190	4	3.852827533130471	1052828237
14	92	1.7968610995762124	1302406578
95	20	4.5608600105446975	1332373593
48	60	2.149638385862319	1361874095
15	24	2.4711439510246116	1338540564
190	50	1.2323678083213991	1247616053
40	49	1.4460488492851056	1160261303
82	51	3.0634476108493125	1475121510
111	96	2.070370706911886	1007838941
53	36	4.341920902968777	1294523706
24	98	1.0587735546198154	1266057031
154	66	2.5163761946877448	1303867667
188	79	2.3493821870763707	1169397359
124	34	1.0773105236704041	1270237407
41	36	1.4974735960020409	1142659285
157	6	2.654570699674541	1466031674
15	39	2.9714583377897865	1228685126
45	42	2.6171589890194764	1028720008
65	58	3.1237507136483753	1479159916
89	12	3.380526699622726	1343773056
71	3	1.0396952845113425	1420219548
9	18	2.8563806378140155	1352040135
88	40	4.853996963550353	1226444599
129	21	3.076129120518195	1093790197
136	15	3.7101690698358127	1009941699
63	97	2.247455431667533	1057340290
139	99	4.09596551261105	1188370677
81	26	4.091685927504461	1245438700
136	8	3.085184190616556	1230359655
163	94	4.904055293116855	1471070214
163	87	1.5022008590506135	1397134106
33	42	1.067790659558324	1362805248
123	44	4.080632847028384	1431539930
5	14	4.228622149459531	1398197199
41	78	1.480828916482305	1425622757
28	2	2.0623313318344243	1378610630
135	37	1.0702094534665156	1036065451
72	69	2.1732344431222588	1298650710
12	38	4.092567495674686	1185880104
162	41	3.0718421108503158	1303019130
33	62	2.3923823726731523	1371266378
48	60	2.486957179625321	1221812009
151	14	1.0054145028618726	1210065268
62	89	2.1992021102609436	1047447968
37	84	3.585834966551722	1275718833
99	2	4.896777775265429	1115075646
172	70	4.388243307935598	1409671139
104	17	1.0943798585821165	1334268580
35	89	4.594242418699357	1047732712
193	28	4.132793653194504	1248567482
101	66	4.121504494283922	1448020862
175	35	2.831983036014286	1438946000
131	5	2.5920211718180113	1368930530
1	65	2.2116629153327705	1184954287
5	40	1.262779435817463	1338052484
142	76	1.9129414539747964	1456304175
103	56	1.9864145399120985	1341719263
27	36	2.9363082788408064	1246913026
137	45	3.989777626386776	1362447219
15	23	2.8952393135917864	1252827310
90	47	1.2313777977886424	1452695485
42	31	4.831159203952815	1116925026
124	11	4.770897276376449	1381624435
179	10	4.1407581725936335	1402824461
63	67	4.965311606256883	1197624254
96	14	3.1779293312010517	1346326383
52	80	4.851073401012824	1309341436
96	74	1.302420162467003	1202687804
132	93	2.4627229930454853	1485257630
151	10	1.9015250720270633	1072989790
143	76	1.7833323365370801	1018380560
171	94	1.5632117955707043	1232967035
29	1	3.4896545662639866	1431092759
36	5	4.125287422989221	1061189747
13	20	3.3131935976814426	1483572374
160	8	1.5878508383528387	1481072977
71	43	4.244495079733884	1140780593
187	76	3.543818828654914	1241810933
86	1	2.552662824507982	1048878285
28	57	3.696521182144252	1326880753
66	64	2.0396199169713314	1202708302
170	84	2.380768833976842	1304581710
45	28	4.66994337252796	1371156549
62	37	2.1620180226856816	1428620826
185	47	2.8799530726317464	1232626446
134	76	4.5605645495840585	1483168817
28	37	3.83088540107011	1027384611
28	49	1.248812904658811	1464169206
108	44	1.5892121771158814	1088301319
44	56	1.0313663630876673	1301452878
84	28	3.5236871609166536	1019878589
30	79	2.7906937016416733	1288012846
190	6	1.5370994036091021	1487412684
75	61	4.831736484227082	1207328616
128	20	3.1186388957824795	1031301473
92	78	1.9675731764515567	1109544407
190	2	3.00241428461883	1440620519
129	73	3.718481330940431	1077832543
121	37	1.304956871894258	1354887356
27	20	2.098815260191568	1061220767
190	26	4.227861963535974	1046021853
121	29	2.838659481610645	1156829555
116	1	3.1863085681291796	1190083824
3	35	2.731264008837877	1414538508
103	70	1.1755997705720205	1432841728
198	59	1.6629991192806237	1241213985
155	69	2.7821665549675636	1024219726
137	33	1.8367418616317113	1460387563
62	51	1.199916114638715	1118384973
165	78	4.374598656207295	1404120440
51	12	4.924770116656463	1200129884
172	20	4.172571495986958	1088235105
152	53	4.415139686818668	1182363217
59	88	1.9679085212681815	1282028533
118	43	4.842507902052799	1376211398
160	98	1.7877028178137135	1021108188
96	89	4.8057192414473295	1142884854
180	50	4.979277175863804	1023711646
113	29	3.846891222984195	1033319676
62	57	4.924574927167288	1175498136
186	39	3.2781591182684147	1057430565
52	95	2.0381671327043613	1271140877
12	56	2.7479835426624835	1462737799
39	43	3.374243741515144	1093437274
130	50	1.29232624810806	1425228673
131	23	3.4893730584689844	1315096272
113	44	4.924711347049178	1327562596
101	38	1.7604305991349105	1163836877
113	84	4.170380465153533	1409595447
184	23	4.631595175118477	1129117277
81	45	4.774806371280883	1172424284
187	52	4.840542417621789	1399348051
113	80	3.0858385548858878	1202689108
2	50	4.909231631966015	1153370044
130	8	4.0292408285377554	1150598388
54	85	1.6466857449478476	1290440213
87	1	2.90760042587188	1303708450
129	8	3.873324701488016	1086142436
147	29	1.9893612632763333	1301735695
126	96	3.5624607341955494	1443423025
130	5	3.666401916186477	1101993081
53	86	1.6507989752342636	1208505983
172	47	3.260341249811025	1188848752
160	34	4.08650764391443	1053093290
198	65	2.9955826581437677	1356605200
160	55	1.0484124671044297	1115405647
68	90	1.0361538763171687	1028549561
183	43	2.4281173758800487	1197839350
184	74	4.704776273727128	1009080961
123	30	1.914707118414435	1239762563
145	82	3.5374547554867486	1055296596
38	17	1.8883034827732823	1153753510
24	26	2.2866799586381945	1304317921
69	8	4.392168358405936	1412532101
116	47	3.9154457690797875	1264448592
98	76	1.3815971092528425	1410828760
198	91	2.7148080839457345	1258824516
139	72	1.1166790545810579	1041245764
144	89	2.923560586412036	1196243091
97	46	3.6497360468042723	1007059903
124	68	1.4740104943926062	1408094223
187	33	2.1555397556366627	1006077234
70	1	2.5913465020086277	1235075176
93	19	4.678124098624199	1303918244
3	31	4.973020061691856	1340342247
148	80	1.1796451959824634	1445408968
187	14	4.044031693981568	1187669188
164	53	2.486896265609373	1481363369
147	48	2.56983274491792	1406453944
90	69	4.01705989338809	1452712257
195	90	4.673705728581634	1000975112
147	62	4.803714378010193	1231169898
148	92	3.308490344153283	1171805283
96	66	2.4284846372020112	1055745877
199	64	4.150196343435117	1403209023
52	70	2.004005533049201	1134831829
161	63	3.256296115334071	1310217377
168	73	2.4343138460994926	1183887286
128	33	3.6265242948315044	1012234908
39	41	1.9615956515740276	1463251706
82	89	1.766371782939303	1290360173
104	48	4.672956346701748	1005121632
129	13	1.4072147317981476	1425327121
11	73	3.0238316309397266	1419981638
185	77	1.8834111318520357	1231103424
178	31	1.1557198533026698	1458879870
151	75	1.1440752731657056	1238524512
159	68	1.7008870884233094	1346014208
42	98	4.4670814180240015	1247831683
99	4	2.1299149759081066	1053226755
7	19	4.801836682301182	1424479825
144	70	3.326489171956774	1313548058
90	98	2.7464567590750644	1369371296
112	82	3.3203553386778184	1402516251
60	13	3.066793540905071	1470296681
113	23	4.0351050150293	1475038824
2	83	2.129984263891409	1152858851
129	75	2.4122015664012095	1184000187
48	1	4.576377210133003	1463980861
140	88	4.785826052601622	1462689743
197	54	4.570232909945898	1462295841
37	71	2.6777919758292543	1231200342
160	89	4.121462012027527	1001120113
9	85	2.905342933204395	1278637417
99	15	2.9901594085844088	1105255383
147	65	1.8187204362291358	1167322679
48	76	3.364521213034066	1072202252
131	71	1.7445435910133917	1348597687
148	15	2.326258796268775	1225063953
152	21	4.420120806479741	1331582133
54	19	1.8283032368434209	1391891916
120	60	1.2846331406937312	1490018928
161	93	1.2760303704512652	1297140452
152	89	4.763138082012432	1264200362
116	33	3.0276817518473385	1217268518
75	49	2.6376482872680733	1279482556
113	96	4.243514324031674	1038199721
164	35	4.343303711642064	1010531792
166	44	2.3287641324624184	1478655566
104	90	3.774472229895181	1099572369
84	11	4.084491263407546	1498369430
112	99	3.618602747463818	1200092853
99	72	1.6063802992003975	1042566130
153	78	4.503532334068228	1136247069
93	74	3.156378210944035	1120457977
146	66	2.1298897054800148	1150180705
128	46	2.7009127417507757	1368223033
110	9	1.1502843615956295	1161910467
82	3	1.5114672048896702	1488941378
194	85	4.062187002063443	1249399366
54	26	1.0000465390214646	1464853239
163	72	2.6662633139291687	1303759505
189	48	3.0900407243423538	1480589417
169	66	1.2185376800038892	1268132102
161	70	4.892312651889331	1019625255
68	28	1.9045013249986877	1126466629
33	93	2.2167948785451235	1139587065
142	26	2.2157700490201093	1164905152
21	25	1.9216666484693996	1049402947
48	12	1.0058952883452457	1101543728
148	5	3.9173791763519854	1461840435
128	98	4.867381999197141	1484998001
136	48	1.8971739331401802	1418187626
135	37	3.6521887672136897	1073336604
195	79	3.9675853078348604	1349490068
145	44	4.393701516362099	1148867545
128	15	2.6905167880544365	1410511181
33	43	2.211723622561717	1467126792
176	48	2.3011805360921245	1029988602
187	87	3.8504853323940513	1325907886
115	70	4.267117866022544	1122324811
119	46	1.7264558710264106	1339483945
22	43	2.483764032631061	1471391666
158	21	4.6077607869966	1295791282
38	23	4.226774078778957	1078490821
109	80	4.939433611049903	1375082111
51	47	4.016993038728323	1125135379
182	15	2.572780804111689	1332961751
8	25	3.362551335978551	1294843802
27	36	3.644057016989281	1002568101
27	75	1.3138232652684958	1248331328
21	51	3.1779878364154603	1328122037
30	15	3.8372833138904383	1498925808
97	68	1.6692852160042415	1051629424
28	21	4.122526869702229	1466293271
111	13	3.3350911220564465	1161424767
192	86	4.808887142790379	1292859310
197	19	1.1696891928275668	1257355718
61	34	2.061304550221868	1266821714
48	78	3.4062155171992963	1228299733
147	68	2.186239648823723	1238583614
4	52	3.857696656284969	1263818936
35	27	4.036021130087724	1177644470
192	29	1.4100638562658978	1424877883
49	28	3.055417856827071	1182084194
17	35	3.0355622223642236	1486502973
172	8	2.4771230808621643	1008018205
158	16	4.731699450278688	1273363932
46	36	4.310025279492885	1003886613
117	30	3.788837527638547	1440218058
6	18	3.85730654293999	1130133203
99	2	2.8468645752524764	1248531069
124	49	4.683978084386304	1482797042
37	77	3.7783817090131415	1344267176
24	4	3.9159242466232658	1159091241
93	90	4.446763615149381	1458705505
46	89	2.096286357368764	1386537408
181	94	4.228283615466812	1336737822
95	75	1.7809624118259682	1383638685
99	7	2.3813678089795514	1258672751
188	95	2.342441817079371	1360343953
116	74	4.914101873556563	1204656374
191	39	4.426148894991707	1206442768
160	13	3.804679446361039	1277579045
161	31	3.9082270464615605	1302371213
67	71	3.2482911776102843	1210528726
128	63	4.788362668434076	1168735704
18	56	2.985035011529446	1405079246
25	42	2.522070839479578	1142427245
54	61	1.652141347726364	1175267255
58	42	4.1448226090442315	1399142850
67	56	3.9377757283023658	1042548791
104	36	2.5374201540965395	1144344950
174	84	1.1007736558369174	1327629368
24	68	4.355989310872043	1302948267
114	7	1.0456719338162945	1089155041
32	54	3.814799118516204	1147873570
175	1	4.881028438904228	1046754929
86	44	2.750645312592814	1279725948
151	45	1.939893619983811	1183565184
194	47	3.819484040173527	1306017075
127	13	4.268512568062341	1492428116
155	22	3.1857212643113892	1191688156
130	21	4.868141101024585	1334391204
17	86	1.2066748866318444	1201333056
104	92	3.0191823932181125	1345522354
161	9	3.8738157892902003	1436052864
137	26	4.450561884596716	1484817684
43	9	1.7170224476311602	1470923188
176	15	4.200013927054726	1060139023
39	10	3.210828302874181	1188162539
170	88	2.586214727959853	1279478138
26	42	1.5268601143163743	1446431292
99	72	4.461183035635649	1463217717
50	24	1.6290928327188614	1056817319
153	80	2.239151436836397	1374888985
152	49	2.1601821278497475	1050596687
13	26	4.485656136763417	1496319451
60	91	3.690811976835592	1083505216
135	37	4.186725588765489	1371175011
57	68	2.001871595169996	1256819785
36	50	3.4994963984279956	1010589887
173	24	3.2869839325749948	1146897066
20	19	4.331321507153085	1061766928
65	60	4.624348241925042	1299036536
8	39	1.0486270859095472	1227552954
144	74	3.6960796762351706	1056656406
142	89	1.207343196478916	1454380934
115	18	3.1954346603094237	1318771115
143	19	2.150530916174713	1454949556
92	36	2.227106398088565	1146820422
98	74	2.4118340138094263	1015927403
66	97	3.4851697961984405	1167368526
32	55	2.336199862675077	1014671009
191	69	3.9307962023611216	1008821549
86	47	2.6181095422954788	1332932076
51	49	1.2734128012398345	1078686659
153	99	4.135039369936429	1019485901
186	98	2.143033298370824	1191363661
63	33	2.7310675183970505	1302593039
190	21	3.741775532887606	1149807430
125	81	2.329824628594848	1396087903
150	22	1.2263426245868625	1284527250
58	48	2.4956841880512544	1326139905
58	37	4.777794330777214	1182821897
86	15	3.5669375891942328	1297527729
49	35	3.6859165946688277	1259022972
180	92	3.5291286145505594	1310101072
170	71	1.7959685558377472	1014367204
70	32	2.6733354564091205	1342829707
15	11	4.0037591934532735	1199460677
54	10	1.4054915902126366	1127669397
188	73	2.111411104358849	1491641631
101	78	2.1052764338634145	1155495272
8	77	2.728075710378024	1088194387
53	57	4.92147496376874	1164765824
60	25	1.2700101867352878	1132170165
108	2	3.07480397752238	1202058228
5	64	1.7174587280488418	1113806393
103	35	4.8827061816389765	1375579845
196	7	1.4532140189098568	1185235666
6	85	2.614404009446365	1010149777
109	18	3.9515399393384247	1410207109
116	67	3.818217712109781	1165427244
94	42	2.690914547575729	1261827680
47	39	2.386096671810873	1170988822
99	41	2.5904495142114823	1325638678
55	75	2.057105052634557	1103028121
168	24	1.8213317548271992	1364632524
52	60	2.93215879023556	1346386822
144	46	2.0741350242704293	1046894926
13	19	2.1498466595890005	1337724459
114	68	3.6270242538982282	1406372378
124	90	4.874149326799569	1439491353
106	42	3.4145488022375003	1471194720
158	32	1.3079178682598651	1185113550
147	39	1.302334455416268	1320389667
145	36	4.805692883382264	1232335980
120	97	2.1891631612293345	1442065462
63	36	1.3682679443299017	1073949887
19	3	3.3961783486015262	1497456346
92	73	3.4945951131610644	1312586424
58	8	3.5940192804747526	1347704388
183	97	2.069608111430165	1069574460
90	70	1.0604427368579001	1015842433
117	41	4.860061477817887	1058050102
62	68	2.00357218276441	1339949433
23	13	3.70410515221019	1466787936
127	49	3.8265194795148383	1034968399
137	60	3.4400296683179428	1456372822
140	2	2.251629576854593	1028417654
129	60	2.084385015056263	1441274063
58	5	3.3906731308108125	1108381517
122	44	4.4643825344467665	1443064220
1	27	4.786934915693582	1397675673
34	32	1.4236232176150305	1077180450
96	21	1.6193144503908794	1011462734
126	8	4.778945035132319	1015317570
118	72	3.9461409133391703	1287831894
48	50	4.531975299319092	1035490204
89	67	1.8105305365413726	1090284577
117	44	3.3503434844376074	1323335776
129	58	3.8045583776698946	1270858408
16	3	3.7204475417878906	1133614248
189	86	2.6326067634667925	1183168662
192	70	1.061579566765234	1053553666
191	2	3.3317042272170525	1326163769
69	87	2.012406156718435	1001861663
22	44	2.8010169845715613	1307353886
93	2	4.830324060335269	1250260049
195	81	2.596141270569739	1210766890
76	35	4.359206426657707	1296511366
154	98	1.7541624229970045	1302039656
144	87	3.6898419921001153	1364166144
179	30	4.908027817755774	1265702972
86	8	1.4075724034917472	1273602829
185	22	1.033279768908768	1199312563
29	44	2.7343311705304574	1045721311
69	58	1.3705019322054688	1220367365
47	36	3.9935373987049254	1455085158
94	69	4.658194655394236	1100960838
190	77	2.7360838908350353	1321293401
197	93	2.034846568621764	1414322913
144	31	2.737613276026439	1274064029
176	47	3.893791271400004	1276526819
85	55	1.036216646321484	1223064980
39	80	3.3578159579387887	1030595197
100	62	3.4531667395495163	1031218896
33	30	3.550752987583742	1219032672
101	55	1.9680883199235089	1307898441
23	16	3.856210893512507	1398327410
10	12	1.3655659453271056	1483112126
69	17	1.7970813458672033	1140726254
100	16	4.509880186617927	1214308521
34	12	3.9548926029062654	1276576050
180	8	1.054982216045381	1076429247
138	84	1.9935050414792008	1248921803
147	3	1.8576259319726582	1433557559
186	16	2.0832253121478903	1371565263
96	30	1.9902390811195456	1305285672
1	23	1.250105182971383	1112023583
69	92	2.8357620663872813	1483192334
4	5	3.9309338991446605	1039989821
16	84	3.4269268988697457	1317817498
24	65	3.691486674392319	1376520987
80	30	1.3245967141449566	1339678928
2	21	4.805962840707149	1292745023
128	84	4.353967335372099	1403901933
160	70	4.22036127398265	1413640890
84	22	4.29193522016707	1218780145
152	82	4.730842032531045	1418825657
140	72	3.177015864454791	1236904577
178	32	1.8011280714705036	1013849214
163	33	3.4671344314101646	1471858467
124	16	3.971525974671756	1074274929
33	76	3.9516695734161016	1037297350
161	38	3.0857960966675204	1163670028
189	98	1.2738348773343122	1399129870
179	14	2.4844517537205113	1319311448
171	36	4.68306643385343	1252845270
101	97	3.337795639029704	1160487867
12	23	3.1533277730228537	1108871445
67	66	2.075414057528774	1310427135
65	85	2.4737956796663156	1279374270
161	2	4.581384356612677	1325497817
168	91	3.665852190107343	1283902944
74	73	4.149548107009331	1445192906
43	65	2.8173816922706205	1239405129
44	75	3.5209888778246317	1430729752
29	67	1.9935344349728301	1471642212
141	52	3.821843321133945	1474138799
12	62	2.710405334813349	1497373610
95	23	2.7701820592589823	1373967988
46	26	3.5972892983075266	1050711717
130	68	4.745122485875706	1331354152
35	82	1.2560253864344837	1346091948
81	55	4.29897294938803	1195379543
90	6	2.1695324416487725	1095190439
8	35	2.7756778180255113	1352432493
93	22	1.0876533151000358	1206060663
154	43	2.204184311337252	1188863072
90	15	3.010524970520522	1385514128
162	86	1.224704309389756	1457839319
115	60	2.9643829175326606	1153872612
105	12	4.70844251543371	1424874808
135	49	1.4215728724312209	1025971841
196	42	4.057762912302017	1095655263
58	38	2.6386842135039705	1467551096
114	82	3.620694858097352	1267688919
75	45	2.0409463919409174	1247729800
157	35	1.6379690501654331	1398740291
120	30	1.6418504570849057	1219299152
164	88	1.2819677825725786	1478835984
21	30	1.742586819604972	1157601908
164	78	3.656877539955873	1302406449
138	6	4.526762447374033	1390121839
101	67	4.256502742364647	1350315613
152	80	3.7405372394979364	1347009191
192	7	1.4417274536444107	1385239993
177	52	2.1567497851837993	1494863700
99	14	2.239227501289876	1200477332
36	73	1.999827785590485	1295370641
96	15	3.0600226388388925	1040710838
152	21	3.1422152595186903	1139019164
151	35	2.427543900684441	1231899287
190	66	2.415156634945744	1347693641
37	91	4.314222391624325	1148430700
12	2	4.157171393278743	1006931344
113	35	2.2311833267229826	1302614801
183	82	4.655153775493037	1446117417
13	78	4.811260068010024	1177078767
23	20	2.3069701681201633	1221032147
99	82	2.4176997951722194	1178194532
105	10	3.0225366136878353	1426803756
30	25	4.764483250134694	1334312529
17	66	4.505277732569246	1327550480
113	25	1.4102718503343592	1065440781
62	54	2.570922973085665	1042192304
84	33	3.2134847589990874	1493519004
112	36	3.01252989020616	1381493982
86	95	1.7754522717475707	1016480387
141	14	4.435267084672619	1330980689
187	65	3.7077631319873494	1008625146
19	80	4.351633499407214	1485021075
177	54	4.435057117397889	1357031287
100	52	3.993423414662959	1418455415
140	3	2.7568424049988693	1339153454
189	99	3.442187020061698	1025319530
147	41	1.6414616244789726	1234126955
76	6	3.6945816698996308	1213055752
9	25	1.717013022957123	1275066060
199	13	3.7757983620406272	1030334030
28	98	1.9183926430158746	1386703118
128	8	1.47020520060088	1393329627
52	21	1.6611379605718297	1437994468
83	98	1.007968540876281	1374131545
111	68	3.874958471414121	1189872051
144	25	3.9296041962335164	1482687513
117	79	3.059733399653038	1209466072
69	68	1.6454512042215348	1285254809
99	45	1.334217350042759	1395706521
140	60	1.076515865749148	1050470573
25	12	1.6629927078608828	1371732571
180	32	4.563422139932587	1300013905
123	96	1.966147366806727	1340956639
53	92	2.4170853088688626	1489834164
151	13	1.4213819379253327	1280620162
144	31	1.8894452189926811	1436582849
57	78	3.0768982831208205	1181336032
39	20	3.4310107323826102	1148384553
109	18	1.9814092566648442	1230032146
181	93	1.2309286369004688	1296161552
42	60	2.5641314765095946	1211449835
186	63	1.9368134837053366	1052289440
167	6	1.8782156929192078	1239909451
142	32	4.839451210853821	1265457840
122	93	3.4652019437028962	1267112119
133	43	3.2275137726883836	1394488638
163	2	2.6631004140932877	1429974146
75	60	2.715777333720577	1252090218
146	23	3.1636200153523233	1198859824
76	83	3.785719228144429	1422933046
9	31	3.8085843847273178	1356213401
74	5	1.6867756308217983	1486428002
186	83	3.000451008306508	1475745991
145	34	2.647832380136408	1188699955
7	10	4.482107865077537	1177314659
174	89	3.5256756848735056	1283434868
141	2	3.130016265663927	1435441269
168	11	1.4615785687156695	1383198253
170	50	3.422551557293646	1191535971
137	31	1.4688156227209337	1236641167
178	56	2.3488263022630083	1176386455
27	79	1.5713678592573275	1408192188
122	73	3.7682945880974756	1086128445
194	87	1.8250084553446104	1304751744
5	83	2.567437492752104	1220174896
29	9	4.582699110475115	1085999128
165	99	1.8172655335958812	1115432713
166	21	3.0312202558351165	1268465269
83	73	2.677086644664088	1209406415
136	28	1.072496164182919	1053543055
109	62	4.171032454291251	1323627449
65	7	1.276183625258399	1358292679
86	80	2.8970200839078144	1383128038
145	16	3.2427131797557998	1459486043
71	97	3.5137058264583483	1041850767
45	4	3.7545265172315023	1452235411
132	4	2.0130895340908603	1263796047
36	40	1.0399151066337975	1157641798
70	17	3.893774649419648	1404268365
159	52	3.1426263973903144	1196262698
19	93	4.344470812828995	1484657817
189	52	4.285553451602777	1339578969
108	36	4.373304671151533	1414180685
182	38	2.9403786399181606	1180007110
167	50	2.3345135833474626	1471112864
91	63	4.16623281036548	1115395704
90	63	2.8051764521170197	1462143788
19	62	1.733768785613738	1023544531
39	99	4.419896078245897	1390977086
126	7	4.530239507089389	1455805890
195	27	2.8652390245606805	1396301747
173	92	1.3027989092391499	1134676547
141	86	2.551304359667725	1387084028
126	14	4.214150637850413	1089239449
58	71	4.607096114184914	1352766410
148	86	1.8138909699903834	1485983745
61	5	1.267894448101086	1223789453
127	55	4.509401812531355	1238809707
105	2	2.557619755915501	1429927709
167	62	3.167043857070253	1213325360
1	91	4.872263248203035	1098591883
131	21	1.2662589116568914	1374100697
92	79	3.5932720298083822	1107586091
190	21	1.2964216902994683	1153048992
191	10	2.5018757138660015	1353385228
113	87	4.2152581807737874	1009332439
153	58	2.7338889310225376	1239111037
56	39	4.988729415611802	1308062817
161	5	3.2362371397864087	1179235563
166	65	2.284648610543814	1047118996
117	13	1.8804453036190125	1347806619
134	85	2.4020821371446472	1230915887
58	90	2.4901330950382032	1004051939
44	85	1.274854710895844	1230991783
173	53	2.4782967977070927	1168642113
160	82	2.8569540789568997	1094857961
173	45	3.8909510089552186	1439305672
61	32	3.626917938886432	1463689814
47	36	3.835062620916617	1359320780
149	81	1.0334547275074284	1164543254
80	99	1.8706695983221442	1054525264
118	60	3.646737153599426	1382680317
164	11	2.9359574727189885	1057415983
147	63	1.0212539026733838	1217585019
20	21	4.21797856972729	1486054017
185	52	4.09123829316135	1120879699
146	55	3.1936766519742505	1459408659
47	26	1.2658533031050885	1442881722
49	68	4.066060198130339	1273652269
14	34	3.334854350925456	1430576514
143	52	4.127839908631836	1456342795
159	82	4.006987969583362	1325840679
1	99	4.212008287831349	1084811073
117	93	3.0720322656184993	1453338623
54	52	1.56129807277406	1431259235
118	29	3.6846298935187547	1185933901
3	38	3.4818951402078824	1315951887
144	42	3.9690127487963487	1255176018
185	21	1.6795240242029412	1393595553
12	42	1.7799007996011569	1265104939
74	13	4.561638068877314	1100779516
16	64	3.999911193808283	1067330285
102	17	4.632913954801292	1293950597
152	9	4.034861284655683	1096195775
156	41	3.3886212239612075	1229420387
117	1	3.6165309481114947	1464522257
8	2	4.55651169576004	1334332427
122	60	3.315227018047762	1395595955
92	48	3.5295652973135496	1282374266
164	29	1.6259068640144023	1490198261
90	97	2.895684880464411	1417953501
136	10	3.865588447832396	1325664116
186	58	2.0837707932654617	1080038962
60	60	1.8090167220981397	1286629863
178	21	2.255307232897662	1422777926
28	28	1.9660025119713338	1238359007
101	75	1.8596505481455834	1449027631
41	34	2.6994033714723478	1360430610
192	8	4.631354055534136	1386565893
155	59	3.028238586954873	1352159827
191	86	1.7516815232612921	1435534388
145	72	1.3078866775234963	1378534506
161	49	3.784624580551701	1361912676
157	79	2.5311950577455513	1115098415
141	17	4.287323786341437	1455666310
46	60	3.6380430745630807	1418963898
35	87	4.184965802165474	1237874244
134	88	2.087784157673795	1244029962
82	45	3.7694356898442325	1103596174
115	83	2.056247938774875	1237711551
197	69	4.756273917801167	1333612418
47	32	3.5454971261334975	1173945209
153	44	2.2980472007013684	1493353540
194	65	2.0780474491690906	1350487062
10	87	1.763706340286574	1167601844
56	8	3.778563835574911	1151817508
30	77	1.8748624519917092	1044338446
109	72	3.3812130637099562	1066774402
5	87	2.0585401077014294	1307034204
119	43	3.6478757791754743	1156653509
33	1	4.259758914162157	1372570640
118	51	4.112100972578613	1077640857
65	24	4.043405323723126	1178229652
146	99	1.7508896227690083	1309527700
177	24	1.3535397879380748	1371647352
11	17	3.7957953139495424	1256601354
85	5	2.4733888551774053	1340742565
26	20	2.729384905613389	1463576903
63	21	1.1245963711735643	1230196841
86	58	2.0383057971001968	1180077015
59	31	1.134705615497856	1488524668
27	11	4.51674309040499	1259400226
177	52	1.973586732874122	1241668726
161	15	3.229348678292032	1335523341
98	83	1.1559172826445216	1064773622
105	7	3.6673895652226323	1404780045
99	28	2.2921093830163755	1305769225
129	51	4.591676747830663	1236932747
149	58	4.552472755736144	1291501861
55	5	2.301162473446991	1118489451
6	5	4.603843582761872	1398207094
197	94	4.984630693995115	1038243565
95	96	4.301662656495792	1138396193
133	8	4.379485391020916	1226888872
102	64	1.9960349444363596	1307698185
3	10	3.3068095954310253	1434156153
181	38	1.2690236558694714	1435423120
23	96	1.3796717472866789	1179921858
53	92	4.995570448133162	1226667453
165	81	2.3065569977036438	1264449758
83	95	3.9927356481953855	1139461490
145	8	4.226660212107266	1460738304
85	25	4.432093084028917	1276667147
78	73	4.990513189608626	1246145894
110	66	1.9659859410274714	1432001539
1	79	1.1614033074387988	1212986793
51	50	2.644766071978344	1177190284
173	67	1.5203226793157878	1354018145
4	49	1.0897035566482205	1020346985
190	36	2.4417073085659444	1372708436
193	68	4.134953004300946	1100310136
113	78	3.2647227649002835	1407243907
32	41	2.251111956841416	1355134289
34	89	3.617368021970879	1440797380
92	62	1.9280727212352429	1204456577
95	10	1.05752578428834	1052450384
72	21	4.0574135457457094	1412885321
39	36	3.4949723394560364	1393921377
154	12	4.0492104980038395	1252478213
162	91	1.1557520667506624	1287863175
182	2	4.348478511322609	1336663164
118	13	3.4781048001452133	1179038514
3	53	3.2535814028505605	1481946890
123	32	3.4984561924581263	1106364344
50	95	4.457732987473456	1440101758
12	16	3.3477460262356282	1493001544
193	32	3.3238015195527173	1141259777
54	32	4.962716628263063	1123079175
133	98	4.026920668274272	1127287033
57	11	2.769175221804541	1362677898
145	10	3.829588000131711	1048835195
112	15	2.556921886767154	1082947380
47	17	1.915501849933996	1442434275
151	40	3.3874075075510377	1311625225
85	18	4.712728392455806	1271217108
142	55	4.716558080061851	1236972243
66	73	2.3676211124219613	1032121967
75	25	3.11070986488678	1261035015
179	59	1.8465435942794448	1104880931
103	78	4.982524437995534	1364927452
166	89	4.924471631471743	1045327209
192	22	3.5980357188297893	1263049675
38	30	4.2176562387098935	1028715260
50	84	3.8604006451348	1143054349
98	85	3.3726328761578728	1455271151
82	44	1.2133919879555908	1269366709
30	32	2.8190573702106443	1114908116
79	51	3.699145208669642	1236725077
91	46	3.7101264555347386	1249843348
179	21	2.4924904736895344	1050874603
191	99	4.766767946632122	1416621873
52	32	1.669428128947124	1299442653
166	94	3.0014377848622424	1248539814
79	39	3.763535906203291	1079047699
30	12	3.788543223567237	1204634327
106	47	3.5945558270752622	1055122774
51	18	2.1011528538074407	1010186886
81	21	1.6248262747464879	1162691976
133	13	3.5437613073068435	1334509184
29	21	3.397208464557751	1428192153
132	8	1.717424041156964	1481605029
138	46	3.8205565822822534	1371152165
184	7	2.8206879669346256	1157680885
145	23	3.6710423664126117	1483139260
74	96	4.349468319080603	1428504619
17	75	1.6789137143076927	1283455573
84	86	1.0765794719873467	1370756139
69	22	4.116410345583147	1438998857
34	89	3.4387897006104637	1195575158
6	22	3.798558278488487	1175809981
53	92	4.35261989995457	1051552633
194	29	4.211243739298002	1213294469
126	13	4.843680587715299	1226838160
43	82	3.143740315408473	1496771313
115	2	2.9539825306396215	1271039781
111	29	2.6075487995629203	1472523671
151	85	1.6147641713768182	1320443954
183	79	3.2904289315280897	1366803209
80	52	2.108050097303915	1205110391
95	27	4.685230048851902	1418593479
118	50	3.3327632171083903	1374808468
144	95	3.3713607220324406	1077354231
8	79	2.41969864350804	1234504261
132	23	1.20795740791083	1490426196
104	88	1.1269750614919545	1134649912
132	44	2.69334057661279	1479360381
184	77	1.3382615123889514	1354658342
25	22	3.4273878221605565	1465995735
195	43	4.52389202255863	1431153952
96	37	4.531659266074889	1232570298
195	61	3.6361816405289296	1141734929
155	97	1.844927325891724	1321675191
93	56	4.451987325435488	1000658139
160	3	4.544373741252833	1455955256
178	63	1.7866143398118348	1351404787
61	19	3.949704343082709	1375691615
122	23	2.146078195708492	1410888139
51	29	4.210561249411718	1493147951
147	30	4.988951599614411	1490644777
21	39	1.1201040213175713	1300468506
5	25	4.589463463163728	1022992457
92	8	3.490522134394632	1021094509
170	58	4.893530476659285	1334906360
61	16	2.8600380701057104	1080518323
22	72	4.3895517222854945	1012859305
149	1	1.249576274393109	1266058271
70	5	2.341116200313183	1456046313
1	3	1.2680661510048399	1329887513
133	65	4.901372533916282	1391929880
12	4	4.267895629087347	1180112150
90	99	4.410189684983882	1156599009
46	96	4.751860925735577	1117282872
34	64	1.3404139444791414	1226533555
177	98	2.5423903700533335	1214548711
78	89	1.2841395561760085	1361482109
45	10	1.8431724062001145	1033857878
155	21	1.9174631081506894	1404051742
73	46	2.8764288441903147	1193923647
26	91	2.0742486698145703	1204087750
47	27	1.4039124272710444	1270152935
121	66	1.6699643563764308	1295399712
56	41	1.5891022542083637	1403698900
94	13	4.892307191649193	1003823873
107	9	4.037170027673895	1053293585
63	36	4.871045861078247	1431913646
48	86	2.758961946031634	1200629152
61	90	2.1134739266506264	1078432484
81	58	4.193172788836747	1171465953
26	54	2.305015672164587	1318164770
36	12	2.197533494821393	1475877810
1	81	1.9300239688313248	1333345649
8	78	1.5187159128969414	1413162492
113	14	2.025852244067064	1304543477
99	34	2.421278993895551	1123638161
180	53	3.6959768325829216	1354019949
47	20	1.2502593688778063	1430350077
127	75	1.8420277586613718	1281462871
56	16	4.236094561166706	1457944956
14	95	1.587687694335083	1042124829
28	70	2.370580586090086	1456802612
78	56	4.45863568743256	1427326345
130	83	1.6197012445737706	1125591894
109	58	1.3309473424727596	1071279027
154	4	2.9381519803200433	1392020106
14	4	2.2096780451141456	1408341689
187	20	3.2536334579354165	1277626073
56	10	4.215219561933901	1494226595
115	24	1.5485939526109727	1071414944
7	99	3.32279633821714	1432898990
3	26	3.0220350415594557	1148607500
111	37	1.5763151440527983	1325840679
151	85	3.4959939421159296	1073913944
107	54	2.0945616714430866	1151207747
18	21	2.95133727417605	1421686313
38	74	1.3290892971082475	1024783762
115	38	2.838336228854492	1258447569
15	46	2.2258538721712813	1346387172
192	4	4.289524844741417	1171987805
119	60	1.2279149079894731	1459635986
28	57	2.6744290996733198	1328410041
39	45	2.833725696525752	1033400086
185	20	3.900024305196475	1065320186
17	17	3.297150300360844	1137088309
86	71	3.668849348776724	1192239311
126	4	4.1081971426070245	1292227904
44	93	4.448811894632755	1410773643
25	14	2.255501986889882	1213209879
145	3	3.152090821455612	1189563425
13	88	4.3604323137567995	1241481524
25	80	4.957804523860226	1486618104
68	58	4.5580772441750526	1475170695
138	55	2.485869050497507	1201487889
67	4	1.7806660688746017	1162353208
109	24	2.957570149626355	1203257967
146	34	3.966565807344169	1474005508
111	30	2.9702762830131904	1170077593
111	82	2.932723453254674	1199316893
34	19	4.352921684327202	1274361525
111	31	2.4456151162687454	1289432914
8	60	4.4391786992465825	1400615196
168	60	2.627219203806894	1409392386
113	19	2.3129324227133576	1438294617
83	49	2.815959644798796	1065735271
42	63	4.049787834699474	1254339962
169	83	1.5040081114559771	1439663289
101	22	1.7856768634880695	1063317241
6	24	4.805779302652368	1007605502
180	76	1.7019665095254295	1427691595
26	30	3.2709092717242183	1134146945
64	58	3.3172578666477515	1068840394
187	31	2.958497848200979	1380899995
184	64	3.5789809943072743	1140991057
59	19	1.9193069031904737	1008530508
109	48	3.210649071106993	1475314660
198	45	2.4886930209875886	1443296725
121	94	3.646669038516756	1300297163
33	55	1.5648941734925979	1342373633
181	55	3.283509667357905	1045316734
150	97	1.7410814215332948	1249598948
21	18	2.1145722524601456	1081991558
198	63	1.874839201294333	1247247129
70	92	1.7313511194752684	1433585113
112	47	4.302843806242668	1324979799
4	75	2.1428302706435614	1411710667
94	57	4.708495127457797	1004790287
75	45	4.879706101380764	1151248022
190	33	3.2850418797483893	1350991271
62	17	1.5720044906629056	1070210747
94	70	2.498192973518325	1223502664
95	4	4.190929053392856	1134933023
152	20	2.469562914788282	1152873742
55	47	1.348068873211155	1020777956
137	91	3.2271396437127517	1160376204
131	15	4.380483405984139	1101717508
31	70	4.183705548574009	1287571402
40	47	1.700492560521413	1104148297
36	78	3.691058457649867	1404733747
152	75	1.8820170537425884	1092558504
6	9	1.872830138208689	1027006644
66	90	4.49628709322074	1284391789
75	16	1.9986758109609206	1256373937
4	69	2.0529893860720447	1407896718
79	61	1.0026135630451982	1329831785
134	10	4.482676136502071	1435176183
118	50	4.170379252836539	1145283710
113	3	3.509315740362712	1192218886
94	77	4.001063055755369	1044667943
179	94	1.6081942696979672	1117566363
62	70	2.8332943783503017	1220754335
185	81	2.4048775493951235	1206187874
194	51	1.375106105028066	1218898686
79	19	2.9445219408596963	1002053262
136	42	4.682958601370542	1253595375
26	35	1.160236476202778	1128237283
179	46	2.1658436539751755	1027707220
173	26	1.8301637448228139	1425880128
44	69	1.9525866146627853	1360936323
133	93	4.633738207517501	1432887818
70	64	2.8722762169371605	1304062059
154	37	2.865197651759275	1297249724
118	84	4.042302569821129	1173232548
68	49	1.6179688160197032	1327148764
19	21	2.949061416400203	1323311444
20	74	2.719940856484239	1401824239
113	64	3.3876427621866245	1010867948
140	5	4.998230813001754	1098605292
47	70	4.077795576328189	1291324912
1	90	2.5914628120697087	1470962394
90	4	4.310212209096187	1417768934
142	39	1.6828334532499207	1361195431
64	35	1.1218547452358405	1347916748
38	1	1.8177934898570922	1022991510
37	24	2.3616462244570386	1331123322
126	57	3.0423230298382395	1337304719
139	70	3.4605165621647993	1394560477
100	41	4.642422868857687	1081866940
77	54	3.0394160382018307	1475898110
3	46	3.0051025785029175	1216920131
161	60	1.2009720392919285	1380572263
134	60	1.1396462106248952	1280959311
178	57	3.2046398476654883	1251558558
10	31	2.752714452993378	1090233652
5	84	4.356721579921194	1291648361
151	24	1.6427183388473807	1147881368
138	89	1.0998866484681984	1037697835
172	36	2.7961550717205035	1304193419
130	85	1.94991422700903	1030635609
13	30	1.1984574933553498	1286282084
168	24	3.898393147390516	1222519551
130	30	1.44637199982899	1043975663
84	86	3.4332780000310867	1160618848
65	92	2.1241990006675566	1372401883
63	7	1.693984201420088	1023043592
101	35	2.51900609167727	1164768267
73	55	4.205783104891815	1120393540
17	92	2.5683743076182908	1164195253
9	14	4.003078596844222	1041044723
143	10	1.5019451871966027	1055717557
152	80	4.091085678660317	1341732663
38	16	1.9477332996265946	1037347524
163	54	3.709572519555491	1437938657
94	95	3.2631262193639854	1259392365
95	89	4.716578868846749	1265993441
49	77	2.549290071901256	1006113100
69	70	1.2646607553377618	1301824614
62	44	1.0766219422050116	1284904041
188	73	4.307434243891013	1485836140
178	45	3.0989425506457287	1221694319
78	56	4.100976207339797	1270852665
117	84	1.9377024000460588	1487066189
120	82	2.380334982052935	1426187850
137	57	1.1204154888452758	1271361065
162	21	4.845969298296449	1230400421
76	68	3.6714716268032537	1109808451
35	50	4.732820351037224	1015041716
1	33	2.0619856297162893	1352928288
40	91	3.4458544449026434	1387215430
64	7	3.7139998731705512	1325594679
150	70	2.2701988010303538	1010599528
60	15	4.39243694006252	1065782983
64	82	4.788645851600991	1209013860
93	32	4.539420470784018	1233661183
72	75	3.95626790375749	1342748745
11	20	2.109858718899816	1139376298
105	88	2.126464168422527	1206150008
14	15	4.853441281784152	1474972814
60	48	1.0411379837427681	1487676581
30	71	3.864199892968578	1259017102
35	21	3.8249846502210487	1273995524
165	42	3.49075816379919	1103620828
5	26	4.960435384347463	1052498002
83	14	2.247517743054901	1140726578
123	57	2.3598874551729927	1337103369
78	37	1.3157576117862222	1234034571
154	58	2.77119254617495	1341681141
62	21	2.0441941049393924	1463628291
132	82	2.373546808710577	1186923870
89	69	4.33828716102251	1076353425
42	3	4.741938054109983	1201831247
89	87	1.7429322880207425	1398041063
146	90	2.4900357262138635	1381448995
40	37	4.714522248461576	1436444440
72	88	1.2472338427568905	1129487062
39	49	1.369442112445514	1009456587
104	19	1.6511639568249175	1489688673
14	89	3.380851336507499	1222651811
32	85	1.6018890840239899	1016633956
179	12	4.872305525802934	1255683522
125	61	2.7868581090340814	1066059784
166	41	3.0060718414006655	1431662388
97	33	1.986634463221626	1239047313
23	50	2.883841009738934	1497654698
63	68	3.647654530548046	1312184738
143	71	4.004708547816171	1182851069
153	86	4.015472330839652	1402746430
145	33	3.3115644507763533	1122779256
194	81	4.617439099975429	1327364598
53	24	4.269631389224438	1103031009
104	61	4.028192458794502	1026595432
104	61	1.2224220867218425	1399673293
179	98	1.0275118488785973	1080552707
39	28	1.8497891087818918	1490602332
179	58	3.654094375653809	1464764328
198	43	2.6447899555301833	1035839230
134	41	2.609625037197247	1298815916
67	39	4.538347552918455	1179072027
135	86	4.582251392527355	1443804329
179	49	4.636701056214343	1211782991
42	17	2.255512306060109	1251075147
192	98	3.764223250957047	1452632179
15	70	2.0865327250974786	1214445124
111	70	1.7624393322977991	1168551265
157	98	1.7385298293894769	1426527465
33	65	2.368430483454376	1184769702
155	74	2.719830479119287	1166398815
164	85	4.323796684220273	1450100953
157	5	1.4795643738908484	1107301231
38	2	3.9397033895795768	1339067130
185	22	3.1258196567572214	1246496090
97	57	2.15178137070397	1496374615
155	66	2.9712783381312984	1357801890
183	74	2.1997682791080906	1331640493
33	98	3.384327820953224	1040129705
196	16	2.735375691420977	1210616053
86	51	1.657622116315515	1114859942
66	39	1.4663322982227869	1071556185
10	86	3.1867827282885206	1420082224
5	76	4.609652133144413	1382014909
123	88	2.375830746230742	1170678565
74	40	3.932000428890493	1196109206
97	38	3.634645419759068	1190416021
118	60	4.726219657237924	1332786819
38	59	4.283924069196564	1326836656
141	10	3.266421035621852	1138786874
159	99	3.6281219929364292	1153465800
47	64	4.5935458663361395	1366347075
109	63	2.598075138347739	1019916998
180	49	2.3071788234311095	1027543766
184	64	1.0432443345407854	1031581057
15	32	4.306204296765857	1253308464
157	7	4.2039228016134595	1286560727
136	21	1.4178180724006055	1026021607
5	20	3.307429524530801	1156090614
157	26	2.8559267926675496	1203557245
47	68	1.4748363820364458	1164930526
68	86	4.922272908242894	1034139374
76	15	1.8587835498534218	1001420654
173	85	1.2689367203622446	1446813351
130	79	3.3793895180076383	1260770351
155	86	3.9554667085321307	1196437042
95	92	1.1297737841887479	1062232362
115	14	3.6348705549080886	1008355425
164	27	3.1291675038058178	1458854326
36	40	1.4130600355001937	1150023895
26	58	1.6900955077854483	1394613424
43	28	3.271897189264322	1396261755
27	26	2.1854304540531535	1471243225
69	63	4.753262914605264	1352488527
148	66	4.274960917936204	1155286200
11	25	4.934268826054652	1205319534
74	3	2.038683355801656	1396694988
104	72	4.878894531191908	1491199374
38	44	2.7249354791662315	1294477338
134	97	2.3900751812550185	1351706563
23	42	1.201398107877413	1274349519
47	99	1.2110610314384105	1429962175
90	6	3.7680450237866188	1193040861
46	39	2.8317159777361116	1047463403
107	52	1.9060865041444228	1431487901
140	23	3.4558812253009306	1393874851
141	89	2.0114324730004447	1029754050
104	50	3.3105270173776904	1309951701
190	43	2.4368349879307614	1275398000
111	19	4.294208906447276	1357440341
104	69	4.282784643067117	1488084593
60	51	2.9094015924896053	1485157880
171	11	2.4032764373400624	1453376502
100	12	2.450239186236378	1222729851
68	74	4.2228581026728715	1295295792
133	8	2.312717931190448	1477389387
120	24	1.836237494827384	1213534006
37	92	1.3387533675012273	1130635220
72	41	2.8667724835376336	1181094199
127	36	2.9285283956793675	1437557955
106	85	4.363634841611629	1011808606
92	72	1.884954785784256	1339279262
31	55	2.5239650946735996	1411082425
122	9	4.233622955574764	1328413014
137	47	4.2944944429958944	1143658229
51	15	2.538444303915073	1247771060
29	48	2.8364960931467236	1267168851
40	82	2.2131435633971317	1234549454
41	42	4.730219513677248	1312256662
11	60	1.4745750629663212	1415947419
151	84	4.73499769200588	1263633423
1	70	3.735465807341373	1054182052
46	12	3.1262886107469248	1114662292
101	2	1.1306362431379835	1175564750
149	7	2.902384767288033	1011811984
90	80	2.630992420010929	1405474289
110	3	1.6448752479004902	1384198692
164	3	3.6256384140026277	1463245644
182	27	4.884603629473143	1110952850
57	40	3.2487552442581005	1235807133
1	33	3.8590131057757833	1494198828
63	92	1.2738018102640671	1290667921
182	1	2.670667983267979	1217635021
55	8	1.4654339406579835	1017485885
115	32	3.4511833421460416	1056650147
168	48	4.753928632856619	1205554531
143	4	3.647110929886554	1388183507
149	94	1.3072121932576861	1129055539
175	70	2.4186648199403313	1422027282
53	19	3.202653517763406	1415007084
137	32	2.612831024533009	1328162603
180	9	4.334576041900689	1440155142
57	12	4.258684018839957	1040988408
117	11	3.4473240804128857	1176888235
154	46	2.493831780530821	1323417204
169	16	2.0213454950529766	1355320387
35	1	1.4234972728525173	1003661306
63	63	2.419590733946216	1278848033
25	21	2.652690068830878	1302986945
90	30	3.7032917004162944	1399546692
75	13	3.632639297190294	1030674998
38	34	1.2804325585650278	1485864201
130	4	2.581037261724631	1351030239
135	28	1.7271154688694477	1473436201
162	95	1.6272508212672228	1340292904
91	59	4.309208598948984	1232632268
17	27	1.1676608668650301	1225407206
128	69	2.6767315036084853	1069321156
171	25	1.6728146230660728	1323137401
187	3	4.5173208627138965	1366598537
108	97	3.2281620531001405	1020395529
179	68	1.925522545507392	1363660645
182	25	3.0097091486655057	1437592026
152	20	3.9259454388124633	1466912699
25	34	4.8324720356777355	1346240127
199	26	1.8817840169816757	1215501490
180	5	4.54472708851738	1092560788
198	99	4.737216456669961	1415299975
88	61	4.6656821781282645	1409983579
161	92	3.5416574274476393	1371147632
177	93	3.5192826177388308	1136687334
29	9	2.612842532735291	1046861389
63	50	4.009591529215152	1254697556
150	6	3.1251760734037277	1068154397
154	83	3.709752284913178	1169058004
156	60	2.713831615395182	1340217904
114	44	3.9259858561725562	1093830920
49	11	4.297886070418196	1202114192
199	66	1.5857450264112645	1105164868
81	47	4.331718862296912	1083528761
84	73	3.161186127161229	1040516280
105	85	4.378663636360898	1273993277
177	88	2.7252068253640584	1398232030
148	98	2.51616194153214	1169257779
118	86	4.66024293006889	1454823356
86	3	2.004677070193605	1261246247
63	76	4.376849301144572	1229144229
189	92	2.9360822900376164	1352443562
104	30	3.056381770205039	1116422206
49	90	2.233873125957936	1172894354
71	21	3.2921688024760627	1143887843
1	28	2.3008447851048452	1266009905
141	90	1.1570776569666092	1045153952
179	62	2.087994421377424	1480755340
123	33	1.0255161736263627	1051066701
184	85	4.913419148227426	1470324215
62	35	4.86298883927899	1078617184
32	52	2.58062118988922	1293913021
158	34	3.913483417358584	1248420572
29	41	2.3832243936417	1180358698
49	51	3.684372628343904	1152653744
173	47	4.221720172183916	1479694627
30	82	4.787024978768963	1438015353
144	58	2.600849103398688	1003751531
168	75	4.133191931824191	1061025545
19	57	2.063713802528475	1041474142
18	23	4.961329215174594	1053362949
1	48	1.1030783950574046	1145450808
78	22	3.414115226004484	1081318784
115	17	3.6380239266053085	1151139398
175	69	3.7521822282965154	1368578489
194	11	1.481550315156356	1482781402
113	94	4.754119133892521	1494220820
114	15	1.7247331162003312	1302243931
166	91	3.4910136129593643	1222941310
179	35	1.8907043164923398	1245829711
63	33	2.2288656680850836	1373913399
132	84	3.1858341669124974	1240512237
129	16	2.668773674258306	1038478806
8	34	1.6409024039060252	1216927603
157	66	1.6837456096833932	1334254995
55	99	2.6725791526511986	1203172325
103	40	4.0291319131020025	1123241141
131	28	4.591858587391155	1066318360
32	47	1.3365106490375314	1360226971
10	39	2.5724156302376042	1054636036
110	70	1.4009822548915065	1076511863
162	73	1.0663699225303915	1417679124
124	20	3.6468747305758265	1342865425
87	1	3.409797767866351	1319240110
55	72	1.6520764552595448	1139802309
32	87	1.9352513323722564	1331330616
178	63	1.0948310145780735	1124589660
135	67	4.339788822777615	1316305426
93	4	4.898762384194206	1128714111
8	58	1.5418381471787632	1360783712
65	25	1.9259008550611925	1376355052
57	47	4.473638095787736	1236078466
67	38	4.705855191824739	1303189417
187	15	2.6785095312272413	1337334548
72	63	1.2024898890762965	1074161378
54	21	1.1575673347712776	1354644712
67	99	3.2957994642760418	1311607847
51	57	2.571580435572716	1126790978
97	53	1.114609710310618	1450978968
92	46	3.333009569250227	1277295742
8	14	1.0452101463560899	1462803180
162	76	4.149487832597092	1044925925
35	17	2.2257312908134863	1274452460
96	39	1.1610320120369284	1037763126
88	9	3.3534088839326133	1319264723
78	99	2.5907376577322188	1285431219
32	77	4.8952016534285985	1495479467
120	79	3.1767946500148088	1373520492
46	82	2.100956724148033	1228577236
144	97	3.837755458535899	1417584311
196	6	2.0859680101708453	1393240502
165	91	4.61697316563026	1377451887
182	23	2.4988878820295057	1299390934
142	59	3.199474251104821	1076920005
55	91	1.2022924152969154	1364549490
176	98	2.704484951808923	1037413236
7	46	4.32945415864398	1304315340
74	38	4.222595221453368	1417437168
7	14	1.897274235414105	1148586070
161	72	1.9043162840422507	1189761736
151	62	4.269221248852947	1026559312
85	35	4.721593680677302	1000928252
147	19	1.3814436850920142	1260633921
112	30	2.800234557704901	1269035794
125	78	2.349817115856916	1315119826
147	84	4.482753821829757	1234955255
36	25	1.334099658720075	1392241030
29	40	1.8445037702321496	1301427829
188	88	4.009873350345977	1156541630
82	14	1.2051753959248623	1473288233
2	26	2.970141522857157	1368277545
129	87	2.76842813871888	1289358138
47	22	2.3376047159549946	1161233683
197	48	2.578289261275695	1164071752
148	83	3.1197623477209317	1060974096
11	51	1.6454694335535325	1103256346
130	3	3.287983513134371	1032779182
195	42	4.221729317199945	1146628865
119	19	4.040643719160636	1321880638
140	73	1.6155996187750947	1272036413
20	28	1.5969978789658956	1291666531
5	84	2.0726974709796533	1464545296
37	45	2.444298905364149	1378567492
166	71	2.6338223256339304	1161109364
137	78	3.718788867333381	1347218677
53	63	1.2267217286633416	1164154106
172	73	1.1386908169042655	1479813574
99	19	2.567642251775636	1143123536
86	47	3.788654768551922	1032708134
108	14	1.7737413718259303	1131620387
24	38	3.566017925025007	1416520615
81	53	2.039312551761198	1189673900
158	61	4.544344435254065	1239259011
120	36	4.582759777066466	1440047589
59	40	2.189148817125306	1018141080
128	81	1.919975015852962	1443743940
114	30	2.645215888264925	1247996061
115	9	1.9621263407205949	1408074435
14	64	3.6895353731668146	1443435735
9	33	4.304258738193142	1253618460
40	52	3.692368523644868	1439207880
194	89	4.297401788997398	1093046979
25	14	2.5879686488298965	1188064050
103	75	1.6252678828354434	1445630103
22	53	3.9518037895903686	1300519437
4	99	2.4418980205662155	1195086148
154	59	3.68508330091653	1065141905
186	78	2.0825757679270627	1388949929
29	94	1.3249185392266907	1495146040
109	41	4.9703271819510535	1184697554
98	68	1.6248060317223971	1478208779
37	68	4.953683975853924	1035763409
75	92	4.90911973026579	1437424925
70	8	4.175272415632159	1095142231
146	2	3.6376918483279903	1288583370
128	86	3.311228201004339	1195260002
85	41	4.464406181511339	1058676502
42	55	2.1577580864779518	1040870096
100	16	2.870724849939508	1089019008
41	93	3.4775598774660077	1416435534
166	62	2.6447619034779644	1124314911
34	48	2.709945816361072	1243984635
17	30	2.3211386700083376	1492399880
165	12	3.256927266738144	1136493326
153	35	4.402298112060464	1139110299
122	11	1.8061135120252514	1468894615
76	64	4.737732155013766	1368694971
87	50	3.7563506149929187	1189040636
117	85	4.293092850720121	1059556258
106	21	3.2247627705200466	1328517333
86	69	4.1180668056962535	1200338202
27	48	1.0648015893578688	1395435218
57	20	4.273521699118141	1377877868
31	67	1.160555436341466	1257606731
134	44	4.55965350545145	1345702035
168	33	4.967850988954574	1486575424
98	73	2.1762698487071113	1268454612
12	61	1.8412742251431746	1426846640
53	9	4.061453455432163	1002570348
199	68	2.012105363681013	1019339904
138	35	4.462249532688814	1476726793
173	81	1.4113703686299068	1046597166
145	98	1.503820785517433	1079649146
154	88	4.916606220402462	1039028538
190	96	3.6953555930800186	1259454047
122	65	4.387548897715812	1100062141
46	8	2.297317509406072	1245084262
64	45	3.7059349980824177	1047647611
130	87	3.376967309234389	1055245653
54	47	3.412600480491788	1302871697
107	40	3.7301298381508863	1407152495
193	76	3.3014366925163943	1395001773
51	54	2.716249477210664	1341901215
181	76	2.1036907775221874	1305798170
36	46	4.074325323652808	1351999707
115	47	1.9050897200127448	1487184913
26	15	3.7694172246176567	1126042106
29	19	1.9333312905973066	1062063270
149	26	3.5013206798178156	1297239516
11	52	3.9883130685161157	1322594375
40	93	1.8748555556261568	1356936501
11	22	1.2397732034452331	1218301918
164	21	1.5238949719766963	1399492861
113	51	3.423987869084102	1150295713
187	38	4.397785624902943	1059134883
39	20	1.1799872849416975	1397067665
54	29	3.936605036166585	1027540987
98	51	2.3652745838002085	1356054053
55	4	2.91411347967809	1053622714
111	55	4.7154381993822625	1083663358
152	71	2.327886018943382	1348817800
150	92	2.861347735757944	1400153288
69	28	1.0547296590427244	1393995518
56	4	1.3263948800193535	1427766962
33	22	2.034366364539136	1357075490
36	76	1.1114089632842976	1216257105
148	45	3.525501304193004	1059938189
81	67	2.70559342720649	1421129947
190	86	3.192580810912088	1279701661
109	66	1.6985887435853182	1088286211
154	88	2.1837281177464645	1375593126
194	34	3.6552978994109004	1393514451
73	91	4.8612108945216	1313488319
40	55	1.2016670944088368	1293943704
17	1	4.561537283421064	1060181915
129	72	3.307524805244834	1304929995
61	87	3.255678267022495	1153045185
171	38	3.0011141408310413	1112072938
104	6	1.2775763436167336	1206260941
42	86	1.3595074069446427	1269591701
25	25	3.4036480226363444	1072035486
39	82	2.363834285742233	1100822294
35	17	4.669072266310723	1478773651
131	61	2.626362149437889	1452342652
108	12	1.5731258348105643	1221866661
172	6	3.858875334008144	1457035062
179	90	2.1734136857640394	1211718211
102	27	3.1018812294235727	1308174286
98	8	3.79133114202068	1048480343
12	83	4.601056444808282	1059996376
19	65	4.168764779206704	1444413952
101	57	3.7054442714908964	1281892536
44	93	3.7185327295805743	1205788510
187	99	4.783698576128346	1498301067
49	40	2.183296389986144	1315767401
189	14	1.0044483767847496	1303798404
17	35	2.0878182375927947	1370054763
74	48	1.871565518506976	1288870577
57	84	3.6473383404559927	1029190953
55	56	3.534846399062116	1255419749
47	49	3.3738455308188953	1059513211
12	13	1.0649737728378148	1429085579
62	61	3.91511221780259	1060481382
80	49	2.294121649941966	1155105937
83	46	3.6602239560265244	1126122433
8	62	3.2263137140086133	1299414089
149	8	2.3709237017116287	1096623054
81	43	1.538305068416431	1328758237
118	20	1.3776755906419238	1068826219
198	97	4.326073332448894	1465320057
25	90	4.673590168326232	1156043280
89	39	3.5991521870571983	1129313094
12	85	1.4137364594419335	1241729853
143	49	2.608108867552963	1011631400
59	64	3.915756800420629	1390776286
154	62	4.119283536040273	1429266930
109	54	1.4728744891643544	1460954875
26	9	1.0001228753815297	1025298938
47	88	3.84854818352242	1380441078
32	37	2.4263847039448225	1222789750
10	49	2.017925326473041	1033357473
16	41	1.0515898791581018	1275284677
199	17	3.1611976270459987	1412929509
145	88	4.404602941703927	1478834732
151	21	4.830526585090352	1492122425
26	51	3.262979802453157	1121408690
86	59	3.0578453109595767	1369237885
135	39	1.3402255419569644	1087695777
14	55	3.195491206170399	1393513515
79	41	2.5199163158615785	1267104014
117	39	3.4285411235343077	1130368589
7	13	2.554905391506187	1278286661
137	64	1.961196493801467	1402923185
115	11	1.379861100913506	1182070628
176	19	2.259673778355583	1366485489
72	11	1.3865793371510091	1256275871
59	77	1.7075878032959357	1397662146
82	46	4.949344634318184	1269834754
116	45	2.7764142276264745	1037701845
167	1	3.127487066020066	1223960917
146	40	4.494474114948861	1336326729
187	19	4.982275601962751	1312096322
103	76	3.330857797378726	1296043004
17	72	4.249895284176686	1318228811
14	72	2.307764097346701	1466218076
159	61	2.2229758297891644	1420143791
152	12	2.610814883978241	1408408720
108	61	3.6900290506945965	1017114380
188	33	3.728766757020395	1192419191
45	45	2.2609577385978032	1011562817
98	90	1.5328396965465148	1002763779
131	92	3.5295850258620343	1384683145
37	69	1.513303448755058	1170630374
171	8	3.3139700329173203	1388110935
168	25	3.773688512225236	1488560144
183	91	3.8024459855778066	1090805299
108	46	4.013888442638387	1380288645
39	87	4.491437686262659	1044359378
15	30	2.9998359678591537	1155238724
120	47	3.9209967581182847	1418378719
4	87	3.476690941463347	1339437513
93	49	1.7465597591907303	1031747976
153	47	1.1027585794776327	1397082330
141	84	2.138165542707735	1039236300
161	82	2.7721348253504776	1061501716
16	18	3.468423777714625	1068364823
170	66	4.3998373220128215	1499191269
108	68	1.7849828668246626	1435752451
126	94	1.5021991595939084	1342164410
194	33	4.85391978989731	1186168802
55	36	1.4321782375056284	1215339266
170	82	2.9139642804287567	1298051907
34	19	3.3422549151732075	1228848484
158	28	3.165497683629753	1292218023
13	40	1.3441286281317728	1393446063
141	84	1.2281076560144775	1287351093
18	97	1.4219337098441427	1466696994
160	76	3.34235073549045	1072132062
96	15	3.1773795505372844	1076418103
123	41	1.934963168146977	1025451115
39	39	3.5510965673823662	1245805528
46	2	4.2802700082225975	1119090471
29	63	1.166315839386375	1392935884
190	29	2.9925197741921696	1465243459
62	74	3.757241648410761	1407438157
185	66	2.0092477082787483	1054101132
16	51	2.2310836211725964	1471052954
184	75	3.4545516119575352	1083687685
121	77	4.591741173774947	1267294480
10	10	4.239697681211597	1248526243
158	14	3.332520876398334	1269870823
153	82	3.920886871028997	1461296880
103	51	2.4592898808311947	1261587298
84	73	3.563862112395031	1045664080
133	39	2.864726364510228	1328845288
65	28	1.7597445458302436	1042209016
177	3	3.8069530955090287	1119045708
3	84	3.225858549395288	1146813107
173	70	2.4344863278143656	1433102913
142	27	4.645356760314523	1340931379
120	2	1.083736471306933	1219149659
158	93	2.263092604997984	1293679274
68	38	1.2275255911105862	1499216378
146	3	4.066109264886508	1069773785
190	16	3.8084298164551704	1297142805
37	94	2.325408874945268	1232334702
153	40	3.702651608828292	1051766378
176	2	2.5837489047837994	1264686006
193	81	4.025015165689737	1481944386
181	41	2.8167346509468243	1188621026
73	12	2.649118911326662	1283864507
143	35	4.738919661953204	1306344377
49	65	2.003516399562801	1467749259
121	55	1.4817893599862617	1438166231
88	45	3.3381724530378327	1149222980
196	79	4.877287249136716	1291715155
140	90	2.5113568549087466	1437186150
187	85	1.248147054515126	1482618918
37	62	2.35722106923827	1225805324
61	49	3.0237266172782338	1430188328
171	95	1.6476920265288548	1448460600
124	25	3.632408872225968	1160279220
198	23	4.990997556040803	1296280556
39	24	2.8069579039257753	1471080203
184	38	2.4189142269208506	1135202316
63	28	2.6028166673378665	1172221559
46	21	1.4605847135808046	1356324297
88	54	4.533094405704896	1134699360
11	18	2.659302622085408	1093584440
62	36	2.5490976456993653	1007723047
77	99	3.6387610917218973	1241422197
153	45	2.768133683724494	1293211471
199	73	3.592933875231384	1297632383
52	53	1.24578516052315	1105939116
4	30	4.25489337488891	1008918562
59	60	4.76201581151761	1427069698
72	98	3.595061544637544	1045993847
148	32	4.8182637154352435	1359817732
93	67	1.6057292574798532	1078510809
63	67	2.9096647579214148	1340648458
54	28	3.407226935781789	1417539965
117	44	3.3269465896847468	1060132166
110	79	2.605847116356173	1211126388
74	41	2.3523376374650455	1297662647
107	63	1.5072960902016752	1201353097
57	23	2.5669698022491128	1028872553
169	75	1.6506432604219405	1384226419
3	48	3.9374627059688736	1080521377
120	32	1.83532374197836	1299048514
6	57	1.2342612211381354	1219754183
5	33	3.2094645512689373	1116312606
5	24	3.3809189308776064	1463248970
54	39	4.487652245122022	1318979308
47	34	3.3079264496707275	1199479276
177	56	2.381923414893783	1258708545
9	28	4.212047526105282	1234718277
99	37	3.1611155727496842	1243797800
20	7	1.317121138524767	1017750431
122	68	3.2634022412529866	1118008339
61	37	4.632074181686649	1312715704
123	56	2.585250501992882	1226429665
163	65	2.1853032075992003	1034822065
178	65	1.5738778280720802	1305674703
82	47	1.6057820877414293	1382189464
62	20	2.7310859373672756	1231840139
145	19	3.382719296646118	1035580614
3	29	1.322461620678407	1205964838
160	74	4.758274356100663	1226541200
13	60	4.020534469780784	1343922220
120	18	3.3464956731346507	1165587269
125	92	4.313754683755963	1354852732
89	35	1.3207470272484532	1232460182
73	43	2.9073555109324976	1456184922
68	95	3.5203725074466536	1111141957
142	91	4.314611624473157	1222479525
101	11	4.13387824019707	1248924801
98	49	2.1082769988535985	1106270719
11	38	4.763520678236818	1076298453
105	64	1.4973833657234814	1014632787
184	69	4.500534474484608	1489479768
67	8	4.883760998418474	1273370446
123	34	1.7086140928905023	1081209083
29	48	3.888264256815141	1166459760
137	56	1.1611420751119939	1362172252
195	76	2.62169130055662	1332230308
153	65	3.065133196790696	1063463472
76	31	3.3225809036385363	1091943987
170	4	4.743748992994238	1066819360
9	50	3.6890027491767787	1358043413
40	69	2.925111804876948	1243840625
25	30	4.238700145063557	1123297006
5	88	4.802131283817635	1007760004
139	59	1.0882645947291634	1147647462
187	67	4.930085089024155	1316738321
124	75	1.3445285562547213	1059970725
38	45	4.257547117075045	1366224757
72	4	2.12133901020565	1349813108
133	26	1.528718631015487	1499005220
176	27	2.7594225588553396	1257760733
90	46	3.575826317790454	1183202270
146	64	2.5238073800939	1199877439
198	91	1.2182616331307958	1195111561
37	51	3.3978445586348665	1064910926
60	50	4.609613104442699	1036147881
176	6	2.532861463789007	1244858490
28	59	1.8653311105233081	1286231215
197	15	2.7703093837312616	1193323089
81	30	1.1934508441951235	1409428054
114	42	4.281950337921099	1164731104
40	37	4.3053632438007465	1443312143
45	42	3.3520018537185137	1448021301
62	35	2.412411555753558	1365223269
93	87	4.199133457783134	1088113314
115	6	3.2187480991534687	1487661153
186	68	4.303729234200064	1009137819
67	18	3.5258351703320825	1103922177
56	73	4.13762189285119	1121071965
40	29	3.39425197287104	1180111244
98	77	2.656564272862665	1396257960
40	59	4.83178343970455	1073633231
91	47	3.164455299515379	1458323770
33	17	3.4203580741621535	1153179972
6	96	1.881950557658997	1105467254
147	22	3.502603157709106	1260584539
80	68	3.2864305979317754	1017550054
168	69	1.7393535917880998	1335805740
92	37	1.2383483894125749	1004529943
97	49	3.4174372788590843	1077757628
59	13	4.054769077401282	1323319642
59	34	3.093605483688033	1282365789
48	86	1.9070905012785828	1482741561
169	53	3.6660879067721397	1211780506
13	87	1.320422906438409	1407429017
107	51	2.7673348192078184	1032123007
45	3	1.6534670335936807	1299957766
89	42	1.7378362042395334	1045790633
181	98	1.8091757966328146	1104850990
170	32	2.5468282281759116	1043156020
100	51	1.2046008224815905	1036654266
191	85	2.5911737637163927	1043199013
155	46	3.0468297884588034	1050235844
166	21	2.933177139865301	1291983830
188	44	2.5311364016121622	1305554395
7	11	4.3565864322830095	1474061537
133	68	1.5813067696820164	1405835316
45	1	3.022786975125496	1364959630
58	92	1.2481656678262172	1338985183
31	63	1.284622715511639	1366581913
23	24	3.2954633987083852	1030063151
170	99	3.264073699551284	1483197278
138	13	4.512134051377828	1309976210
160	98	3.2314947026402927	1476399496
107	11	4.839164081619401	1246308415
181	51	1.194779393599719	1107798876
158	17	1.3920307391229643	1464744629
39	99	1.1762634462815256	1060592764
159	82	1.74110740133416	1195855353
82	86	3.1650804437667124	1390678706
100	24	3.582288725709712	1265247782
2	19	1.1823406317946752	1382253949
77	37	4.783883559382398	1058203138
12	85	4.368661506601525	1167916535
39	8	2.1864499286283725	1125114431
194	28	1.3087501209058718	1441921564
13	5	1.679548292876229	1239110515
46	17	1.5077776550198907	1125500938
155	36	1.4931351171957874	1105846880
113	19	3.0742467546629357	1307901881
17	64	1.9833897699736012	1321950922
104	91	2.432558866116578	1430898586
98	98	4.95802133353729	1420948960
188	11	3.737256995701379	1370993172
192	54	4.795922668188005	1141286950
88	45	1.5702262201324624	1427088606
109	47	2.528557899330277	1419972197
163	12	3.218927213129417	1432081965
70	21	1.307032247554952	1092966977
158	11	1.0167497745118315	1280361562
199	92	3.68173733518767	1394181795
74	5	3.5672780672057414	1308547530
63	81	2.643155239998447	1240317550
156	56	2.9585763041281306	1091525457
60	20	2.6617720023683584	1018573434
79	41	1.0960201793795554	1095958720
37	46	2.3414864248698497	1061104574
22	12	1.7083290215891593	1014387810
196	70	1.393696756405475	1168324386
148	17	4.826881735557399	1108178078
96	19	3.3974389001686625	1021876123
68	26	3.9146251369464107	1461634150
192	48	2.26145497306447	1076778368
17	52	2.572588517976061	1158134552
12	96	1.947695975586894	1007707690
150	70	1.387862683861699	1275439077
145	55	1.7161265497663352	1379527763
138	75	4.190056181185943	1171575234
118	33	3.7101832207351033	1376515262
193	62	3.1877155039419076	1482296882
22	88	2.9003594914670723	1416690049
120	23	4.689737134624497	1328093905
50	15	1.2909397911146736	1275902589
14	27	2.122403252951664	1328561131
192	75	2.399751414282856	1398126588
175	64	4.129703248851151	1362253247
29	81	4.970058480647886	1322274249
164	51	1.9626820590286123	1236659268
180	53	4.4972293365483225	1465275656
125	78	4.322491041727165	1222886145
7	91	1.8986295905670665	1380628897
29	82	2.5973303207968903	1403834043
139	92	2.6386914771700765	1147194085
33	51	4.912882674106234	1230019260
134	47	1.7235676055155933	1308723102
111	4	4.196631884419128	1069089289
79	7	2.3367708566924397	1108104817
160	35	3.9234813831046416	1264797259
179	48	2.6800440171826514	1098613923
58	73	3.31343905246616	1108741109
26	72	4.3304470933045245	1242575444
174	45	4.216662259935537	1283705392
29	81	4.4656927341588	1378949102
4	81	1.238469301378636	1419052357
99	97	3.7682022121589793	1166972399
141	96	1.5599495068870515	1472703664
39	72	2.663274272073644	1455459202
15	19	3.194353660218754	1441811913
119	63	2.610957938987323	1158100868
29	38	3.07844670321203	1452191213
157	67	4.986105235194477	1287291609
75	59	1.540869254851419	1247011004
116	69	3.7018241813457022	1159910892
32	13	2.584003865542461	1320122201
130	47	1.5320391956293151	1387931365
175	61	1.6349470534972381	1244517118
84	31	4.797092424982468	1077924587
22	80	4.518405986847048	1245218329
27	96	4.628167841660087	1282043975
195	22	4.9661311033095465	1399654148
81	93	1.8332615600340718	1001079037
126	86	2.421757349456247	1180113678
184	43	3.676876119699467	1131039354
92	67	2.935210159442589	1440359567
21	54	2.673558133513334	1170927360
47	10	2.431244997342372	1051187343
101	42	3.375122527773809	1419542436
187	64	3.302373714560328	1063103234
84	21	1.6458313362569603	1389707822
6	80	2.8869593500737563	1067998558
147	76	3.2138871048393995	1420020748
185	66	3.281147754925562	1317989751
197	41	1.8404287716494072	1464134351
131	24	3.969085569009147	1362081590
1	35	1.1007963792842785	1330580116
58	56	2.4193274221726506	1196559285
124	30	4.120850594142534	1480290970
166	57	3.2555716842216094	1306056869
15	94	2.044649730043441	1004467801
162	47	3.779812477372191	1312504125
189	35	3.2695637766242935	1198860794
163	19	4.184974437825549	1052515173
64	8	3.9401007447592935	1381562029
25	26	3.4404316881449386	1269128920
24	71	2.952710701243256	1009107338
12	30	1.5327285026700936	1437785031
18	7	2.045332071541535	1305583712
15	67	2.676397891668341	1217199220
27	65	3.3971971480255547	1200404166
72	36	3.0548314208612193	1289880895
60	25	2.152738103838118	1360358373
174	37	1.0258574311588422	1437565972
145	1	2.9849568876032557	1018292935
93	15	2.1425039542489723	1155136370
53	37	3.9384332028421403	1025981941
8	13	1.095785061081934	1302827454
79	8	3.3393112452231635	1107305812
27	5	4.765896950024262	1043099583
174	60	1.697637068445998	1411136247
50	73	2.8865979630023815	1209449747
199	1	1.3656879672685527	1060229895
131	36	3.5027276490454105	1402562105
93	35	3.2021267223849024	1454208813
192	66	2.6294620968513294	1270772254
172	63	3.085508085894965	1029550065
181	23	4.586298633876041	1396834040
24	9	1.7851772092442681	1116179548
60	34	1.090258046821389	1199614447
122	46	4.446659538796403	1354479880
131	78	3.308468329551626	1392359182
148	4	4.56263382184737	1252493405
46	30	3.3877808936526903	1028546713
15	95	4.24064435983881	1013395337
153	75	2.7186934534205918	1354055964
199	99	3.999439725153075	1440029685
17	72	4.6521658675594235	1264527439
126	3	3.288491854888825	1271580243
84	14	1.7231406022495181	1276782444
9	60	2.0751904601207927	1254471029
166	77	1.7945783075896231	1112304676
176	45	1.9874281103829317	1244823381
188	96	2.2256617974041455	1312656710
63	34	3.220535147012754	1377091478
117	45	3.351966517855331	1092730792
130	61	2.7059989889674445	1388042471
88	83	3.4616831192833417	1075154255
72	16	1.3262997024454637	1109285989
139	66	1.3511529482326399	1210473371
64	40	1.6873178414306338	1470260143
72	17	3.072309992161379	1312545957
21	34	1.8559787147932543	1334377118
18	16	2.1331376139703093	1298481677
64	60	2.6012513446919763	1329591008
82	66	4.24746449604152	1177651192
110	66	1.0554485436514405	1427840584
95	90	3.5975152809464896	1146279672
166	13	3.6755061241627414	1413805054
32	56	4.194623121426546	1103993559
11	31	4.731011756241253	1393242572
45	34	1.0805513957971593	1114282073
33	39	1.6151348220528647	1282347036
102	67	4.544685176223972	1473427890
169	8	2.8340742487480615	1044681008
136	87	3.258362555733854	1002791338
11	78	3.6521088148925895	1379673563
179	55	3.7162664179825495	1346844379
88	27	4.726961613266033	1389212999
41	93	4.987797669646678	1266036444
145	53	3.880629843723761	1215739780
76	39	2.1488848368206033	1077797929
121	65	4.519009609177374	1347385478
46	17	1.1968836581630464	1276669481
160	30	1.9243234114979848	1440152739
80	53	4.58954286985486	1145161064
54	13	2.02476605775742	1004768026
86	21	1.8826042384869939	1295765049
92	19	1.552501172560989	1020860717
148	53	4.436447030587666	1239717185
161	19	3.000233036764347	1219884056
168	57	3.699572812216619	1039681096
160	25	1.9562655363001187	1466433908
97	86	4.0321616840448655	1376808576
2	31	4.040022179848394	1332480086
33	81	2.2503920996332005	1014375753
158	55	2.6427305320411314	1055127465
161	23	1.8387611097208034	1253838259
77	32	4.906244093291617	1400724632
116	62	3.5824103082336465	1453764789
154	74	4.738175522862062	1337458300
150	10	2.2135421745165327	1269942850
103	72	4.127563651987559	1439187461
194	54	4.0634345755389685	1338256508
166	52	3.766622607466166	1310632761
103	20	4.862555901067202	1115507764
90	32	2.574221344425262	1135128641
174	14	1.5228692943590292	1304046905
122	50	3.686835436976243	1336198137
